
---初始化用户信息

insert into user (username , password, email, realname, address,zipcode, phone) values ('周子颖', '123',  'zzy@qq.com' , '周子颖', '武汉大学', '431700', '13400000000');

insert into user (username , password, email, realname, address,zipcode, phone) values ('肖晓琳' , '123',  'xxl@qq.com' , '肖晓琳', '武汉大学', '431700', '13400000000');

insert into user (username , password, email, realname, address,zipcode, phone) values ('闫国跃', '123',  'ygy@qq.com' , '闫国跃', '武汉大学', '431700', '13400000000');

insert into user (username , password, email, realname, address,zipcode, phone) values ('刘豪', '123',  'lh@qq.com' , '刘豪', '武汉大学', '431700', '13400000000');

insert into user (username , password, email, realname, address,zipcode, phone) values ('冯珺', '123',  'fj@qq.com' , '冯珺', '武汉大学', '431700', '13400000000');

insert into user (username , password, email, realname, address,zipcode, phone) values ('唐新烨', '123',  'lh@qq.com' , '唐新烨', '武汉大学', '431700', '13400000000');

insert into user (username , password, email, realname, address,zipcode, phone) values ('孙闪闪', '123',  'fj@qq.com' , '孙闪闪', '武汉大学', '431700', '13400000000');

insert into user (username , password, email, realname, address,zipcode, phone) values ('小周', '123',  'zzy@qq.com' , '小周', '深圳大学', '431700', '13400000000');

insert into user (username , password, email, realname, address,zipcode, phone) values ('小肖', '123',  'xxl@qq.com' , '小肖', '郑州大学', '431700', '13400000000');

insert into user (username , password, email, realname, address,zipcode, phone) values ('小闫', '123',  'ygy@qq.com' , '小闫', '郑州大学', '431700', '13400000000');

insert into user (username , password, email, realname, address,zipcode, phone) values ('小刘', '123',  'lh@qq.com' , '小刘', '河南大学', '431700', '13400000000');

insert into user (username , password, email, realname, address,zipcode, phone) values ('小冯', '123',  'fj@qq.com' , '小冯', '武汉大学', '431700', '13400000000');

insert into user (username , password, email, realname, address,zipcode, phone) values ('小唐', '123',  'ygy@qq.com' , '小唐', '郑州大学', '431700', '13400000000');

insert into user (username , password, email, realname, address,zipcode, phone) values ('小孙', '123',  'lh@qq.com' , '小孙', '河南大学', '431700', '13400000000');

insert into user (username , password, email, realname, address,zipcode, phone) values ('小颖', '123',  'zzy@qq.com' , '小颖', '武汉大学', '431700', '13400000000');

insert into user (username , password, email, realname, address,zipcode, phone) values ('小琳', '123',  'xxl@qq.com' , '小琳', '武汉大学', '431700', '13400000000');

insert into user (username , password, email, realname, address,zipcode, phone) values ('小跃', '123',  'ygy@qq.com' , '小跃', '武汉大学', '431700', '13400000000');

insert into user (username , password, email, realname, address,zipcode, phone) values ('小豪', '123',  'lh@qq.com' , '小豪', '武汉大学', '431700', '13400000000');

insert into user (username , password, email, realname, address,zipcode, phone) values ('小珺', '123',  'fj@qq.com' , '小珺', '武汉大学', '431700', '13400000000');

insert into user (username , password, email, realname, address,zipcode, phone) values ('小烨', '123',  'lh@qq.com' , '小烨', '武汉大学', '431700', '13400000000');

insert into user (username , password, email, realname, address,zipcode, phone) values ('小闪', '123',  'fj@qq.com' , '小闪', '武汉大学', '431700', '13400000000');


---初始化银行卡

insert into creditcard(cardnum, username, nameoncard, type, expirationdate) values('Z000-001',  '周子颖' , 'CardZ', '中行', '2009-10-1');

insert into creditcard(cardnum, username, nameoncard, type, expirationdate) values('Z000-002',  '肖晓琳' , 'CardX', '中行', '2009-10-1');

insert into creditcard(cardnum, username, nameoncard, type, expirationdate) values('Z000-003',  '闫国跃' , 'CardY', '中行', '2009-10-1');

insert into creditcard(cardnum, username, nameoncard, type, expirationdate) values('Z000-004',  '刘豪' , 'CardH', '中行', '2009-10-1');

insert into creditcard(cardnum, username, nameoncard, type, expirationdate) values('Z000-005',  '冯珺' , 'CardJ', '中行', '2009-10-1');

insert into creditcard(cardnum, username, nameoncard, type, expirationdate) values('Z000-006',  '唐新烨' , 'CardT', '中行', '2009-10-1');

insert into creditcard(cardnum, username, nameoncard, type, expirationdate) values('Z000-007',  '孙闪闪' , 'CardS', '中行', '2009-10-1');

insert into creditcard(cardnum, username, nameoncard, type, expirationdate) values('N000-001',  '周子颖' , 'CardZ', '农行', '2009-10-1');

insert into creditcard(cardnum, username, nameoncard, type, expirationdate) values('N000-002',  '肖晓琳' , 'CardX', '农行', '2009-10-1');

insert into creditcard(cardnum, username, nameoncard, type, expirationdate) values('N000-003',  '闫国跃' , 'CardY', '农行', '2009-10-1');

insert into creditcard(cardnum, username, nameoncard, type, expirationdate) values('N000-004',  '刘豪' , 'CardH', '农行', '2009-10-1');

insert into creditcard(cardnum, username, nameoncard, type, expirationdate) values('N000-005',  '冯珺' , 'CardJ', '农行', '2009-10-1');

insert into creditcard(cardnum, username, nameoncard, type, expirationdate) values('N000-006',  '唐新烨' , 'CardT', '农行', '2009-10-1');

insert into creditcard(cardnum, username, nameoncard, type, expirationdate) values('N000-007',  '孙闪闪' , 'CardS', '农行', '2009-10-1');

---初始化送货地址

insert into shippinginfo(id, address, zipcode, method, recipientName) values('SH000-001', '武汉市洪山区', '431700',  '恒通快递', '周子颖');

insert into shippinginfo(id, address, zipcode, method, recipientName) values('SH000-002', '武汉市洪山区','431700',  '恒通快递', '肖晓琳');

insert into shippinginfo(id, address, zipcode, method, recipientName) values('SH000-003', '武汉市洪山区','431700',  '恒通快递', '闫国跃');

insert into shippinginfo(id, address, zipcode, method, recipientName) values('SH000-004', '武汉市洪山区','431700',  '恒通快递', '刘豪');

insert into shippinginfo(id, address, zipcode, method, recipientName) values('SH000-005', '武汉市洪山区','431700',  '恒通快递', '冯珺');

insert into shippinginfo(id, address, zipcode, method, recipientName) values('SH000-006', '武汉市洪山区','431700',  '恒通快递', '唐新烨');

insert into shippinginfo(id, address, zipcode, method, recipientName) values('SH000-007', '武汉市洪山区','431700',  '恒通快递', '孙闪闪');

---初始化订单
insert into userorder(id, username, cardnum, sid, date) values('OD000-001', '周子颖', 'Z000-001', 'SH000-001', '2011-5-1' );

insert into userorder(id, username, cardnum, sid, date) values('OD000-002', '肖晓琳', 'Z000-002', 'SH000-002', '2011-5-5');

insert into userorder(id, username, cardnum, sid, date) values('OD000-003', '闫国跃', 'Z000-003', 'SH000-003', '2011-5-7');

insert into userorder(id, username, cardnum, sid, date) values('OD000-004', '刘豪', 'Z000-004', 'SH000-004', '2011-5-9');

insert into userorder(id, username, cardnum, sid, date) values('OD000-005', '冯珺', 'Z000-005', 'SH000-005', '2011-5-10');

insert into userorder(id, username, cardnum, sid, date) values('OD000-006', '唐新烨', 'Z000-006', 'SH000-006',  '2011-5-11');

insert into userorder(id, username, cardnum, sid, date) values('OD000-007', '孙闪闪', 'Z000-007', 'SH000-007', '2011-5-12');

insert into userorder(id, username, cardnum, sid, date) values('OD000-011', '周子颖', 'Z000-001', 'SH000-001', '2011-5-13' );

insert into userorder(id, username, cardnum, sid, date) values('OD000-012', '肖晓琳', 'Z000-002', 'SH000-002', '2011-5-15');

insert into userorder(id, username, cardnum, sid, date) values('OD000-013', '闫国跃', 'Z000-003', 'SH000-003', '2011-5-17');

insert into userorder(id, username, cardnum, sid, date) values('OD000-014', '刘豪', 'Z000-004', 'SH000-004', '2011-5-19');

insert into userorder(id, username, cardnum, sid, date) values('OD000-015', '冯珺', 'Z000-005', 'SH000-005', '2011-5-20');

insert into userorder(id, username, cardnum, sid, date) values('OD000-016', '唐新烨', 'Z000-006', 'SH000-006',  '2011-5-28');

insert into userorder(id, username, cardnum, sid, date) values('OD000-017', '孙闪闪', 'Z000-007', 'SH000-007', '2011-6-14');

---初始化订单项
insert into orderitem(isbn, oid, qty )  values('20001316', 'OD000-001', 3);

insert into orderitem(isbn, oid, qty )  values('20163872' , 'OD000-001', 1);

insert into orderitem(isbn, oid, qty )  values('9284655', 'OD000-001', 3);

insert into orderitem(isbn, oid, qty )  values('9787030181398', 'OD000-001', 3);

insert into orderitem(isbn, oid, qty )  values('9787030181398' , 'OD000-002', 1);

insert into orderitem(isbn, oid, qty )  values('9787501922475', 'OD000-002', 2);

insert into orderitem(isbn, oid, qty )  values('9787502177720', 'OD000-002', 1);

insert into orderitem(isbn, oid, qty )  values('9787561340783', 'OD000-003', 10);

insert into orderitem(isbn, oid, qty )  values('9787802285118', 'OD000-003', 11);

insert into orderitem(isbn, oid, qty )  values('9787802202023', 'OD000-003', 1);

insert into orderitem(isbn, oid, qty )  values('9787807055228', 'OD000-004', 1);

insert into orderitem(isbn, oid, qty )  values('9787561340783', 'OD000-005', 1);

insert into orderitem(isbn, oid, qty )  values('9787561340783', 'OD000-006', 1);

insert into orderitem(isbn, oid, qty )  values('9787807533009', 'OD000-006', 4);

insert into orderitem(isbn, oid, qty )  values('9787811200225', 'OD000-006', 4);

insert into orderitem(isbn, oid, qty )  values('9787807533009', 'OD000-006', 4);

insert into orderitem(isbn, oid, qty )  values('9787807533009', 'OD000-006', 4);

insert into orderitem(isbn, oid, qty )  values('9787802208865', 'OD000-006', 3);

insert into orderitem(isbn, oid, qty )  values('9787802208865', 'OD000-007', 3);

insert into orderitem(isbn, oid, qty )  values('9787561351307', 'OD000-007', 1);


insert into orderitem(isbn, oid, qty )  values('9787544248174', 'OD000-011', 3);

insert into orderitem(isbn, oid, qty )  values('9787544249133' , 'OD000-011', 10);

insert into orderitem(isbn, oid, qty )  values('9787800816888', 'OD000-011', 1);

insert into orderitem(isbn, oid, qty )  values('9787544249133', 'OD000-011', 11);

insert into orderitem(isbn, oid, qty )  values('9787802202016',  'OD000-012', 1);

insert into orderitem(isbn, oid, qty )  values('9787802335820', 'OD000-012', 1);

insert into orderitem(isbn, oid, qty )  values('9787807001188', 'OD000-012', 2);

insert into orderitem(isbn, oid, qty )  values('9787811200225', 'OD000-012', 1);

insert into orderitem(isbn, oid, qty )  values('9787801709035', 'OD000-013', 10);

insert into orderitem(isbn, oid, qty )  values('9787561336762', 'OD000-013', 11);

insert into orderitem(isbn, oid, qty )  values('9787561336762', 'OD000-013', 1);

insert into orderitem(isbn, oid, qty )  values('9787544248174', 'OD000-014', 1);

insert into orderitem(isbn, oid, qty )  values('9787544045155', 'OD000-015', 1);

insert into orderitem(isbn, oid, qty )  values('9787539260129', 'OD000-016', 11);

insert into orderitem(isbn, oid, qty )  values('9787540750275', 'OD000-016', 4);

insert into orderitem(isbn, oid, qty )  values('9787538865462', 'OD000-016', 4);

insert into orderitem(isbn, oid, qty )  values('9787538633290', 'OD000-016', 4);

insert into orderitem(isbn, oid, qty )  values('9787531722731', 'OD000-016', 4);

insert into orderitem(isbn, oid, qty )  values('9787530956595', 'OD000-016', 3);

insert into orderitem(isbn, oid, qty )  values('9787802208865', 'OD000-017', 3);

insert into orderitem(isbn, oid, qty )  values('9787561351307', 'OD000-017', 1);



























